"level","family","genus","rn","rn.bl","bn","bn.bl","gen.n","sp.n","taxa"
"F","Acoraceae","","N5571",129.917876,"N5571",129.917876,1,1,"Acorus_calamus"
"F","Altingiaceae","","N5574",76.567143,"N5574",76.567143,1,1,"Liquidambar_formosana"
"F","Amborellaceae","","N5568",171.610422,"N5568",171.610422,1,1,"Amborella_trichopoda"
"F","Anthocerotaceae","","N5579",474.895035,"N5579",474.895035,1,1,"Anthoceros_angustus"
"F","Cystodiaceae","","N4273",266.652032,"N4273",266.652032,1,1,"Cystodium_sorbifolium"
"F","Desmophlebiaceae","","N4129",152.565309,"N4129",152.565309,1,1,"Desmophlebium_lechleri"
"F","Funariaceae","","N5580",331.669161,"N5580",331.669161,1,1,"Physcomitrium_patens"
"F","Ginkgoaceae","","N5576",231.831534,"N5576",231.831534,1,1,"Ginkgo_biloba"
"F","Hemidictyaceae","","N4129",152.565309,"N4129",152.565309,1,1,"Hemidictyum_marginatum"
"F","Hydatellaceae","","N5567",191.467207,"N5567",191.467207,1,1,"Trithuria_inconspicua"
"F","Isoetaceae","","N5578",323.750631,"N5578",323.750631,1,1,"Isoetes_piedmontana"
"F","Lycopodiaceae","","N5577",384.0346,"N5577",384.0346,1,1,"Lycopodium_clavatum"
"F","Magnoliaceae","","N5570",133.444435,"N5570",133.444435,1,1,"Magnolia_tripetala"
"F","Marchantiaceae","","N5580",331.669161,"N5580",331.669161,1,1,"Marchantia_polymorpha"
"F","Papaveraceae","","N5572",106.857689,"N5572",106.857689,1,1,"Lamprocapnos_spectabilis"
"F","Plumbaginaceae","","N5575",74.924806,"N5575",74.924806,1,1,"Plumbago_auriculata"
"F","Rosaceae","","N5574",76.567143,"N5574",76.567143,1,1,"Sorbus_torminalis"
"F","Schisandraceae","","N5569",153.009615,"N5569",153.009615,1,1,"Kadsura_longipedunculata"
"F","Sciadopityaceae","","N5576",231.831534,"N5576",231.831534,1,1,"Sciadopitys_verticillata"
"F","Selaginellaceae","","N5578",323.750631,"N5578",323.750631,1,1,"Selaginella_moellendorffii"
"F","Solanaceae","","N5575",74.924806,"N5575",74.924806,1,1,"Nicotiana_tabacum"
"F","Thyrsopteridaceae","","N4452",189.821063,"N4452",189.821063,1,1,"Thyrsopteris_elegans"
"F","Anemiaceae","","N4936",229.365077,"N4937",143.283941,1,79,""
"F","Aspleniaceae","","N3788",166.896585,"N3789",107.504452,2,341,""
"F","Athyriaceae","","N3279",164.409514,"N3280",158.61822,7,309,""
"F","Blechnaceae","","N3588",137.615984,"N3589",105.157438,25,173,""
"F","Cibotiaceae","","N4857",163.153039,"N4858",33.9,1,9,""
"F","Culcitaceae","","N4872",65.931492,"N4873",13.82,1,2,""
"F","Cyatheaceae","","N4454",166.015415,"N4455",101.449314,4,372,""
"F","Cystopteridaceae","","N3017",191.620003,"N4135",84.438424,3,32,""
"F","Davalliaceae","","N876",129.456683,"N1804",46.281612,1,42,""
"F","Dennstaedtiaceae","","N867",263.033521,"N4167",175.24257,11,106,""
"F","Dicksoniaceae","","N4454",166.015415,"N4826",132.397332,3,32,""
"F","Didymochlaenaceae","","N870",183.444565,"N2984",25.347454,1,9,""
"F","Diplaziopsidaceae","","N3787",174.104861,"N4130",33.624352,2,3,""
"F","Dipteridaceae","","N5046",275.403138,"N5047",66.791784,2,5,""
"F","Dryopteridaceae","","N871",179.119296,"N2035",155.468006,24,950,""
"F","Equisetaceae","","N5457",416.961199,"N5547",174.1,1,20,""
"F","Gleicheniaceae","","N5045",327.005168,"N5054",142.309804,7,39,""
"F","Hymenophyllaceae","","N5044",349.029306,"N5092",239.735354,9,267,""
"F","Hypodematiaceae","","N869",186.086164,"N2992",97.285627,2,26,""
"F","Lindsaeaceae","","N4274",254.082832,"N4275",104.88441,7,168,""
"F","Lomariopsidaceae","","N872",166.189073,"N1999",123.385423,3,37,""
"F","Lonchitidaceae","","N4274",254.082832,"N4442",28.618963,1,3,""
"F","Loxsomataceae","","N4871",124.999999,"N4883",27.75178,2,2,""
"F","Lygodiaceae","","N4935",305.561823,"N5027",59.2,1,18,""
"F","Marattiaceae","","N5",412.754154,"N5375",174.1,6,83,""
"F","Marsileaceae","","N4884",256.742531,"N4885",115.531875,3,41,""
"F","Matoniaceae","","N5046",275.403138,"N5051",139.473552,2,4,""
"F","Metaxyaceae","","N4857",163.153039,"N4866",6.724111,1,6,""
"F","Nephrolepidaceae","","N873",162.176656,"N1981",65.077554,1,19,""
"F","Oleandraceae","","N875",134.845393,"N1845",45.824651,1,10,""
"F","Onocleaceae","","N3588",137.615984,"N3761",100.935205,4,5,""
"F","Ophioglossaceae","","N5458",358.927833,"N5459",240.832352,10,81,""
"F","Osmundaceae","","N6",378.304364,"N5358",149.251653,7,18,""
"F","Plagiogyriaceae","","N4872",65.931492,"N4874",35.150621,1,10,""
"F","Polypodiaceae","","N876",129.456683,"N877",120.855617,59,928,""
"F","Psilotaceae","","N5458",358.927833,"N5539",92.601162,2,9,""
"F","Pteridaceae","","N11",267.082111,"N12",219.880768,56,856,""
"F","Rhachidosoraceae","","N3786",181.774094,"N4132",34.608438,1,4,""
"F","Saccolomataceae","","N4272",280.873337,"N4444",25.336702,2,7,""
"F","Salviniaceae","","N4884",256.742531,"N4925",144.549112,2,11,""
"F","Schizaeaceae","","N4936",229.365077,"N5015",114.906,2,13,""
"F","Tectariaceae","","N874",139.44957,"N1854",116.642657,8,128,""
"F","Thelypteridaceae","","N3019",174.976398,"N3020",109.274845,36,259,""
"F","Woodsiaceae","","N868",208.157063,"N3017",191.620003,3,23,""
"G","Acoraceae","Acorus","N5571",129.917876,"N5571",129.917876,1,1,"Acorus_calamus"
"G","Polypodiaceae","Adetogramma","N882",99.102662,"N882",99.102662,1,1,"Adetogramma_chrysolepis"
"G","Amborellaceae","Amborella","N5568",171.610422,"N5568",171.610422,1,1,"Amborella_trichopoda"
"G","Thelypteridaceae","Ampelopteris","N3189",37.400788,"N3189",37.400788,1,1,"Ampelopteris_prolifera"
"G","Pteridaceae","Ananthacorus","N777",58.454011,"N777",58.454011,1,1,"Ananthacorus_angustifolius"
"G","Blechnaceae","Anchistea","N3741",72.1,"N3741",72.1,1,1,"Anchistea_virginica"
"G","Anthocerotaceae","Anthoceros","N5579",474.895035,"N5579",474.895035,1,1,"Anthoceros_angustus"
"G","Pteridaceae","Baja","N612",34.290204,"N612",34.290204,1,1,"Baja_brandegeei"
"G","Blechnaceae","Blechnidium","N3736",38.407655,"N3736",38.407655,1,1,"Blechnidium_melanopus"
"G","Ophioglossaceae","Botrypus","N5463",4.205506,"N5463",4.205506,1,1,"Botrypus_virginianus"
"G","Blechnaceae","Brainea","N3591",80.986032,"N3591",80.986032,1,1,"Brainea_insignis"
"G","Pteridaceae","Calciphilopteris","N287",190.897872,"N287",190.897872,1,1,"Calciphilopteris_ludens"
"G","Pteridaceae","Cheiloplecton","N486",43.294837,"N486",43.294837,1,1,"Cheiloplecton_rigidum"
"G","Ophioglossaceae","Cheiroglossa","N5536",98.089556,"N5536",98.089556,1,1,"Cheiroglossa_palmata"
"G","Thelypteridaceae","Chingia","N3163",29.35232,"N3163",29.35232,1,1,"Chingia_longissima"
"G","Marattiaceae","Christensenia","N5378",70.877336,"N5378",70.877336,1,1,"Christensenia_aesculifolia"
"G","Osmundaceae","Claytosmunda","N5360",103.863224,"N5360",103.863224,1,1,"Claytosmunda_claytoniana"
"G","Blechnaceae","Cleistoblechnum","N3733",64.651666,"N3733",64.651666,1,1,"Cleistoblechnum_eburneum"
"G","Pteridaceae","Cosentinia","N35",47.995078,"N35",47.995078,1,1,"Cosentinia_vellea"
"G","Thelypteridaceae","Cyclosorus","N3188",40.535663,"N3188",40.535663,1,1,"Cyclosorus_interruptus"
"G","Woodsiaceae","Cystocarpium","N4161",1.440707,"N4161",1.440707,1,1,"Cystocarpium_roskamianum"
"G","Cystodiaceae","Cystodium","N4273",266.652032,"N4273",266.652032,1,1,"Cystodium_sorbifolium"
"G","Desmophlebiaceae","Desmophlebium","N4129",152.565309,"N4129",152.565309,1,1,"Desmophlebium_lechleri"
"G","Tectariaceae","Draconopteris","N1866",83.161123,"N1866",83.161123,1,1,"Draconopteris_draconoptera"
"G","Ginkgoaceae","Ginkgo","N5576",231.831534,"N5576",231.831534,1,1,"Ginkgo_biloba"
"G","Gleicheniaceae","Gleichenella","N5066",48.37697,"N5066",48.37697,1,1,"Gleichenella_pectinata"
"G","Polypodiaceae","Gymnogrammitis","N1507",26.493524,"N1507",26.493524,1,1,"Gymnogrammitis_dareiformis"
"G","Pteridaceae","Hecistopteris","N840",62.337458,"N840",62.337458,1,1,"Hecistopteris_pumila"
"G","Ophioglossaceae","Helminthostachys","N5461",196.875083,"N5461",196.875083,1,1,"Helminthostachys_zeylanica"
"G","Hemidictyaceae","Hemidictyum","N4129",152.565309,"N4129",152.565309,1,1,"Hemidictyum_marginatum"
"G","Diplaziopsidaceae","Homalosorus","N4130",33.624353,"N4130",33.624353,1,1,"Homalosorus_pycnocarpos"
"G","Blechnaceae","Icarus","N3599",51.66471,"N3599",51.66471,1,1,"Icarus_filiformis"
"G","Isoetaceae","Isoetes","N5578",323.750631,"N5578",323.750631,1,1,"Isoetes_piedmontana"
"G","Schisandraceae","Kadsura","N5569",153.009615,"N5569",153.009615,1,1,"Kadsura_longipedunculata"
"G","Papaveraceae","Lamprocapnos","N5572",106.857689,"N5572",106.857689,1,1,"Lamprocapnos_spectabilis"
"G","Polypodiaceae","Lemmaphyllum","N1597",6.960652,"N1597",6.960652,1,1,"Lemmaphyllum_microphyllum"
"G","Dennstaedtiaceae","Leptolepia","N4232",29.527212,"N4232",29.527212,1,1,"Leptolepia_novae-zelandiae"
"G","Lindsaeaceae","Lindsaeosoria","N4288",23.930422,"N4288",23.930422,1,1,"Lindsaeosoria_flynnii"
"G","Altingiaceae","Liquidambar","N5574",76.567143,"N5574",76.567143,1,1,"Liquidambar_formosana"
"G","Pteridaceae","Llavea","N851",110.825676,"N851",110.825676,1,1,"Llavea_cordifolia"
"G","Blechnaceae","Lorinseria","N3740",80.266511,"N3740",80.266511,1,1,"Lorinseria_areolata"
"G","Loxsomataceae","Loxsoma","N4883",27.75178,"N4883",27.75178,1,1,"Loxsoma_cunninghamii"
"G","Loxsomataceae","Loxsomopsis","N4883",27.75178,"N4883",27.75178,1,1,"Loxsomopsis_pearcei"
"G","Lycopodiaceae","Lycopodium","N5577",384.0346,"N5577",384.0346,1,1,"Lycopodium_clavatum"
"G","Magnoliaceae","Magnolia","N5570",133.444435,"N5570",133.444435,1,1,"Magnolia_tripetala"
"G","Tectariaceae","Malaifilix","N1867",77.754469,"N1867",77.754469,1,1,"Malaifilix_grandidentata"
"G","Ophioglossaceae","Mankyua","N5459",240.832353,"N5459",240.832353,1,1,"Mankyua_chejuense"
"G","Marchantiaceae","Marchantia","N5580",331.669161,"N5580",331.669161,1,1,"Marchantia_polymorpha"
"G","Onocleaceae","Matteuccia","N3763",50.547016,"N3763",50.547016,1,1,"Matteuccia_struthiopteris"
"G","Dryopteridaceae","Maxonia","N2586",34.473174,"N2586",34.473174,1,1,"Maxonia_apiifolia"
"G","Thelypteridaceae","Mesophlebion","N3189",37.400788,"N3189",37.400788,1,1,"Mesophlebion_crassifolium"
"G","Thelypteridaceae","Mesopteris","N3109",29.270126,"N3109",29.270126,1,1,"Mesopteris_tonkinensis"
"G","Pteridaceae","Mickelopteris","N374",3.106781,"N374",3.106781,1,1,"Mickelopteris_cordata"
"G","Blechnaceae","Neoblechnum","N3647",10.023517,"N3647",10.023517,1,1,"Neoblechnum_brasiliense"
"G","Solanaceae","Nicotiana","N5575",74.924806,"N5575",74.924806,1,1,"Nicotiana_tabacum"
"G","Dennstaedtiaceae","Oenotrichia","N4232",29.527212,"N4232",29.527212,1,1,"Oenotrichia_maxima"
"G","Onocleaceae","Onoclea","N3762",68.630102,"N3762",68.630102,1,1,"Onoclea_sensibilis"
"G","Onocleaceae","Onocleopsis","N3763",50.547016,"N3763",50.547016,1,1,"Onocleopsis_hintonii"
"G","Osmundaceae","Osmunasium","N5367",3.536136,"N5367",3.536136,1,1,"Osmunasium_mildei"
"G","Osmundaceae","Osmundastrum","N5358",149.251653,"N5358",149.251653,1,1,"Osmundastrum_cinnamomeum"
"G","Thelypteridaceae","Pakau","N3104",38.339797,"N3104",38.339797,1,1,"Pakau_pennigera"
"G","Pteridaceae","Parahemionitis","N374",3.106781,"N374",3.106781,1,1,"Parahemionitis_arifolia"
"G","Polypodiaceae","Parrisia","N887",60.406193,"N887",60.406193,1,1,"Parrisia_parietina"
"G","Funariaceae","Physcomitrium","N5580",331.669161,"N5580",331.669161,1,1,"Physcomitrium_patens"
"G","Polypodiaceae","Pleurosoriopsis","N1437",55.180275,"N1437",55.180275,1,1,"Pleurosoriopsis_makinoi"
"G","Plumbaginaceae","Plumbago","N5575",74.924806,"N5575",74.924806,1,1,"Plumbago_auriculata"
"G","Athyriaceae","Pseudathyrium","N3374",31.220404,"N3374",31.220404,1,1,"Pseudathyrium_alpestre"
"G","Marsileaceae","Regnellidium","N4889",104.677355,"N4889",104.677355,1,1,"Regnellidium_diphyllum"
"G","Pteridaceae","Rheopteris","N847",113.47491,"N847",113.47491,1,1,"Rheopteris_cheesmaniae"
"G","Gleicheniaceae","Rouxopteris","N5072",140.649329,"N5072",140.649329,1,1,"Rouxopteris_boryi"
"G","Ophioglossaceae","Sahashia","N5463",4.205506,"N5463",4.205506,1,1,"Sahashia_stricta"
"G","Sciadopityaceae","Sciadopitys","N5576",231.831534,"N5576",231.831534,1,1,"Sciadopitys_verticillata"
"G","Pteridaceae","Scoliosorus","N777",58.454011,"N777",58.454011,1,1,"Scoliosorus_ensiformis"
"G","Selaginellaceae","Selaginella","N5578",323.750631,"N5578",323.750631,1,1,"Selaginella_moellendorffii"
"G","Rosaceae","Sorbus","N5574",76.567143,"N5574",76.567143,1,1,"Sorbus_torminalis"
"G","Lindsaeaceae","Sphenomeris","N4424",102.044303,"N4424",102.044303,1,1,"Sphenomeris_clavata"
"G","Gleicheniaceae","Stromatopteris","N5087",100.5,"N5087",100.5,1,1,"Stromatopteris_moniliformis"
"G","Pteridaceae","Syngramma","N84",22.958607,"N84",22.958607,1,1,"Syngramma_quinata"
"G","Polypodiaceae","Thylacopteris","N1551",88.017593,"N1551",88.017593,1,1,"Thylacopteris_papillosa"
"G","Thyrsopteridaceae","Thyrsopteris","N4452",189.821063,"N4452",189.821063,1,1,"Thyrsopteris_elegans"
"G","Pteridaceae","Trachypteris","N297",48.138099,"N297",48.138099,1,1,"Trachypteris_pinnata"
"G","Dryopteridaceae","Trichoneuron","N2626",44.865187,"N2626",44.865187,1,1,"Trichoneuron_microlepioides"
"G","Thelypteridaceae","Trigonospora","N3143",18.791958,"N3143",18.791958,1,1,"Trigonospora_tenera"
"G","Hydatellaceae","Trithuria","N5567",191.467207,"N5567",191.467207,1,1,"Trithuria_inconspicua"
"G","Thelypteridaceae","Abacopteris","N3107",31.9664280000001,"N3108",30.674844,1,3,""
"G","Hymenophyllaceae","Abrodictyum","N5181",180.631996,"N5220",108.841858,1,18,""
"G","Pteridaceae","Acrostichum","N14",141.027732,"N15",66.036193,1,3,""
"G","Pteridaceae","Actiniopteris","N23",69.470904,"N24",18.596679,1,4,""
"G","Schizaeaceae","Actinostachys","N5015",114.906001,"N5016",63.712356,1,5,""
"G","Cystopteridaceae","Acystopteris","N4136",53.066504,"N4156",11.01484,1,3,""
"G","Polypodiaceae","Adenophorus","N887",60.406191,"N888",32.551081,1,10,""
"G","Pteridaceae","Adiantopsis","N297",48.138099,"N298",42.39612,1,27,""
"G","Pteridaceae","Adiantum","N616",185.506742,"N617",164.87022,1,156,""
"G","Polypodiaceae","Alansmia","N1224",65.74022,"N1225",24.710471,1,8,""
"G","Pteridaceae","Aleuritopteris","N418",51.865397,"N419",46.210226,1,22,""
"G","Cyatheaceae","Alsophila","N4454",166.015415,"N4455",101.449314,1,162,""
"G","Thelypteridaceae","Amauropelta","N3024",66.240514,"N3025",52.202601,1,54,""
"G","Thelypteridaceae","Amblovenatum","N3114",21.1080270000001,"N3115",13.297902,1,2,""
"G","Anemiaceae","Anemia","N4936",229.365077,"N4937",143.283941,1,79,""
"G","Marattiaceae","Angiopteris","N5377",76.0122250000001,"N5382",50.164801,1,25,""
"G","Athyriaceae","Anisocampium","N3283",137.044189,"N3284",32.003119,1,4,""
"G","Pteridaceae","Anogramma","N35",47.995076,"N36",30.612265,1,2,""
"G","Pteridaceae","Antrophyopsis","N787",92.074528,"N788",74.621687,1,4,""
"G","Pteridaceae","Antrophyum","N787",92.074528,"N791",45.389931,1,20,""
"G","Dryopteridaceae","Arachniodes","N2039",85.221014,"N2040",58.884953,1,47,""
"G","Polypodiaceae","Archigrammitis","N964",61.216086,"N965",59.440786,1,4,""
"G","Pteridaceae","Argyrochosma","N514",55.921308,"N515",38.978617,1,19,""
"G","Dryopteridaceae","Arthrobotrya","N2652",88.048238,"N2653",72.358681,1,3,""
"G","Tectariaceae","Arthropteris","N1854",116.642655,"N1855",48.582688,1,11,""
"G","Polypodiaceae","Ascogrammitis","N1124",65.818497,"N1125",40.71256,1,14,""
"G","Pteridaceae","Aspidotis","N292",64.60993,"N293",59.632723,1,4,""
"G","Aspleniaceae","Asplenium","N3789",107.50445,"N3790",84.586094,1,307,""
"G","Pteridaceae","Astrolepis","N534",40.513054,"N535",34.002828,1,8,""
"G","Athyriaceae","Athyrium","N3287",129.399999,"N3288",35.168869,1,87,""
"G","Blechnaceae","Austroblechnum","N3600",48.6796340000001,"N3617",37.833709,1,20,""
"G","Pteridaceae","Austrogramme","N84",22.958605,"N85",8.467031,1,2,""
"G","Salviniaceae","Azolla","N4925",144.549112,"N4926",77.696374,1,6,""
"G","Blechnaceae","Blechnopsis","N3733",64.651664,"N3734",28.403436,1,2,""
"G","Blechnaceae","Blechnum","N3600",48.6796340000001,"N3601",36.903458,1,17,""
"G","Dennstaedtiaceae","Blotiella","N4173",60.128683,"N4174",18.797923,1,5,""
"G","Dryopteridaceae","Bolbitis","N2651",92.258865,"N2881",74.472177,1,32,""
"G","Pteridaceae","Bommeria","N288",128.349896,"N611",50.51405,1,5,""
"G","Polypodiaceae","Bosmania","N1554",67.008701,"N1575",20.547038,1,2,""
"G","Ophioglossaceae","Botrychium","N5465",43.770506,"N5466",20.103381,1,32,""
"G","Hymenophyllaceae","Callistopteris","N5178",162.286956,"N5179",26.475486,1,2,""
"G","Dicksoniaceae","Calochlaena","N4826",132.39733,"N4827",40.250975,1,5,""
"G","Polypodiaceae","Calymmodon","N962",63.8182190000001,"N963",63.307514,1,10,""
"G","Polypodiaceae","Campyloneurum","N1269",76.755582,"N1270",68.417192,1,48,""
"G","Hymenophyllaceae","Cephalomanes","N5178",162.286956,"N5180",35.644433,1,2,""
"G","Polypodiaceae","Ceradenia","N924",57.573469,"N925",45.708205,1,21,""
"G","Pteridaceae","Ceratopteris","N14",141.027732,"N17",1.628574,1,5,""
"G","Pteridaceae","Cerosora","N33",121.840917,"N34",105.090434,1,2,""
"G","Pteridaceae","Cheilanthes","N288",128.349896,"N289",109.617034,1,47,""
"G","Dipteridaceae","Cheiropleuria","N5047",66.791784,"N5048",8.463095,1,3,""
"G","Thelypteridaceae","Christella","N3113",22.1508590000001,"N3120",16.351024,1,19,""
"G","Polypodiaceae","Chrysogrammitis","N1046",56.163903,"N1049",22.47989,1,2,""
"G","Cibotiaceae","Cibotium","N4857",163.153039,"N4858",33.9,1,9,""
"G","Polypodiaceae","Cochlidium","N898",46.277567,"N899",34.325932,1,6,""
"G","Pteridaceae","Coniogramme","N852",88.316521,"N860",26.89482,1,8,""
"G","Athyriaceae","Cornopteris","N3374",31.220403,"N3375",23.717301,1,5,""
"G","Thelypteridaceae","Coryphopteris","N3022",85.1548750000001,"N3023",75.59288,1,14,""
"G","Blechnaceae","Cranfillia","N3598",52.2081210000001,"N3636",48.013791,1,10,""
"G","Hymenophyllaceae","Crepidomanes","N5096",157.452478,"N5097",135.775361,1,32,""
"G","Pteridaceae","Cryptogramma","N852",88.316521,"N853",53.603905,1,8,""
"G","Dryopteridaceae","Ctenitis","N2037",105.574064,"N2533",47.980421,1,51,""
"G","Polypodiaceae","Ctenopterella","N961",66.4518660000001,"N962",63.818222,1,5,""
"G","Culcitaceae","Culcita","N4872",65.931492,"N4873",13.82,1,2,""
"G","Cyatheaceae","Cyathea","N4456",93.899999,"N4619",39.454882,1,153,""
"G","Dryopteridaceae","Cyclodium","N2587",32.4628070000001,"N2588",18.816963,1,9,""
"G","Thelypteridaceae","Cyclogramma","N3216",38.816489,"N3243",22.792225,1,3,""
"G","Lomariopsidaceae","Cyclopeltis","N1999",123.385422,"N2000",39.522187,1,3,""
"G","Dryopteridaceae","Cyrtomium","N2309",48.5602470000001,"N2310",40.832511,1,21,""
"G","Cystopteridaceae","Cystopteris","N4136",53.066504,"N4137",34.746541,1,20,""
"G","Marattiaceae","Danaea","N5375",174.1,"N5428",39.419586,1,30,""
"G","Polypodiaceae","Dasygrammitis","N1065",56.585638,"N1089",24.882463,1,6,""
"G","Davalliaceae","Davallia","N876",129.456683,"N1804",46.281612,1,42,""
"G","Polypodiaceae","Dendroconche","N1555",49.473953,"N1556",35.758704,1,6,""
"G","Dennstaedtiaceae","Dennstaedtia","N4168",148.479837,"N4220",96.857242,1,17,""
"G","Athyriaceae","Deparia","N3280",158.618219,"N3529",43.535623,1,60,""
"G","Dicksoniaceae","Dicksonia","N4831",112.999999,"N4832",25.979863,1,25,""
"G","Gleicheniaceae","Dicranopteris","N5066",48.376971,"N5067",7.668601,1,6,""
"G","Polypodiaceae","Dictymia","N1791",88.875112,"N1792",15.103275,1,2,""
"G","Didymochlaenaceae","Didymochlaena","N870",183.444565,"N2984",25.347454,1,9,""
"G","Hymenophyllaceae","Didymoglossum","N5094",179.850025,"N5150",132.877114,1,28,""
"G","Diplaziopsidaceae","Diplaziopsis","N4130",33.6243519999999,"N4131",19.102258,1,2,""
"G","Athyriaceae","Diplazium","N3281",149.12783,"N3381",68.347257,1,149,""
"G","Blechnaceae","Diploblechnum","N3669",51.6933430000001,"N3704",43.422446,1,5,""
"G","Gleicheniaceae","Diplopterygium","N5055",113.293914,"N5056",41.736444,1,11,""
"G","Dipteridaceae","Dipteris","N5047",66.791784,"N5050",14.332026,1,2,""
"G","Blechnaceae","Doodia","N3645",55.2175600000001,"N3646",22.589639,1,15,""
"G","Pteridaceae","Doryopteris","N294",58.007043,"N295",57.059383,1,18,""
"G","Lomariopsidaceae","Dracoglossum","N2002",105.102909,"N2003",34.62558,1,2,""
"G","Polypodiaceae","Drynaria","N1460",69.911594,"N1461",37.336804,1,28,""
"G","Dryopteridaceae","Dryopteris","N2039",85.221014,"N2086",59.032912,1,223,""
"G","Dryopteridaceae","Elaphoglossum","N2668",82.7919,"N2669",69.138672,1,207,""
"G","Polypodiaceae","Enterosora","N923",70.555168,"N924",57.57347,1,16,""
"G","Athyriaceae","Ephemeropteris","N3282",141.873208,"N3379",22.987237,1,3,""
"G","Equisetaceae","Equisetum","N5457",416.961199,"N5547",174.1,1,20,""
"G","Marattiaceae","Eupodium","N5406",54.399116,"N5407",7.398423,1,4,""
"G","Pteridaceae","Gaga","N459",53.986467,"N462",29.063581,1,18,""
"G","Polypodiaceae","Galactodenia","N1139",54.751776,"N1140",24.360389,1,3,""
"G","Pteridaceae","Gastoniella","N38",78.33502,"N45",7.414146,1,3,""
"G","Thelypteridaceae","Glaphyropteridopsis","N3106",35.439353,"N3174",31.775865,1,2,""
"G","Gleicheniaceae","Gleichenia","N5087",100.499999,"N5088",38.585872,1,5,""
"G","Polypodiaceae","Goniophlebium","N1552",76.072173,"N1707",48.197988,1,16,""
"G","Thelypteridaceae","Goniopteris","N3101",51.217676,"N3190",37.816302,1,26,""
"G","Polypodiaceae","Grammitis","N883",97.400085,"N884",79.203396,1,23,""
"G","Thelypteridaceae","Grypothrix","N3108",30.6748410000001,"N3155",27.136372,1,5,""
"G","Cystopteridaceae","Gymnocarpium","N4135",84.438423,"N4158",21.002198,1,9,""
"G","Cyatheaceae","Gymnosphaera","N4591",10.183835,"N4592",9.33037,1,2,""
"G","Pteridaceae","Haplopteris","N810",98.111942,"N811",74.935773,1,30,""
"G","Pteridaceae","Hemionitis","N375",36.343668,"N376",30.206479,1,4,""
"G","Dennstaedtiaceae","Histiopteris","N4173",60.128683,"N4178",17.893411,1,2,""
"G","Dennstaedtiaceae","Hiya","N4171",73.945959,"N4183",58.761407,1,3,""
"G","Thelypteridaceae","Hoiokula","N3225",13.5414700000001,"N3235",6.76631,1,2,""
"G","Polypodiaceae","Hovenkampia","N1723",70.783482,"N1740",16.230485,1,2,""
"G","Aspleniaceae","Hymenasplenium","N3789",107.50445,"N4096",64.667404,1,34,""
"G","Hymenophyllaceae","Hymenophyllum","N5092",239.735355,"N5237",47.799999,1,122,""
"G","Hypodematiaceae","Hypodematium","N2992",97.285626,"N2993",22.119853,1,23,""
"G","Tectariaceae","Hypoderris","N1879",85.585702,"N1880",58.650901,1,3,""
"G","Dennstaedtiaceae","Hypolepis","N4170",79.576333,"N4185",40.758714,1,33,""
"G","Pteridaceae","Jamesonia","N47",90.976619,"N48",46.237652,1,31,""
"G","Ophioglossaceae","Japanobotrychum","N5464",43.894907,"N5513",0.150925,1,2,""
"G","Dryopteridaceae","Lastreopsis","N2921",59.546195,"N2922",52.625484,1,16,""
"G","Polypodiaceae","Lecanopteris","N1561",48.446451,"N1565",27.392827,1,11,""
"G","Polypodiaceae","Lellingeria","N1143",47.374145,"N1144",40.81265,1,31,""
"G","Polypodiaceae","Lepisorus","N1576",69.134073,"N1577",53.817736,1,86,""
"G","Polypodiaceae","Leptochilus","N1665",57.704441,"N1666",44.384418,1,24,""
"G","Thelypteridaceae","Leptogramma","N3217",28.344008,"N3223",21.104089,1,19,""
"G","Osmundaceae","Leptopteris","N5370",74.4044940000001,"N5371",51.479402,1,4,""
"G","Hypodematiaceae","Leucostegia","N2992",97.285626,"N3015",21.55087,1,3,""
"G","Polypodiaceae","Leucotrichum","N1224",65.74022,"N1232",39.886025,1,6,""
"G","Lindsaeaceae","Lindsaea","N4276",100.497165,"N4277",72.440539,1,128,""
"G","Dryopteridaceae","Lomagramma","N2653",72.358681,"N2654",52.08939,1,10,""
"G","Polypodiaceae","Lomaphlebia","N910",41.542709,"N915",4.851778,1,2,""
"G","Blechnaceae","Lomaria","N3595",63.0859060000001,"N3715",18.105791,1,4,""
"G","Blechnaceae","Lomaridium","N3594",68.7851750000001,"N3718",35.795782,1,10,""
"G","Blechnaceae","Lomariocycas","N3596",61.3304810000001,"N3708",29.76557,1,8,""
"G","Lomariopsidaceae","Lomariopsis","N2002",105.102909,"N2004",66.148978,1,32,""
"G","Lonchitidaceae","Lonchitis","N4274",254.082832,"N4442",28.618963,1,3,""
"G","Dicksoniaceae","Lophosoria","N4831",112.999999,"N4856",1.542351,1,2,""
"G","Polypodiaceae","Loxogramme","N1791",88.875112,"N1793",57.110104,1,12,""
"G","Lygodiaceae","Lygodium","N4935",305.561823,"N5027",59.2,1,18,""
"G","Pteridaceae","Lytoneuron","N352",38.292927,"N353",24.940518,1,7,""
"G","Thelypteridaceae","Macrothelypteris","N3256",69.002368,"N3273",35.095642,1,6,""
"G","Marattiaceae","Marattia","N5378",70.8773360000001,"N5379",9.90416,1,4,""
"G","Marsileaceae","Marsilea","N4889",104.677354,"N4890",34.031137,1,36,""
"G","Matoniaceae","Matonia","N5051",139.473552,"N5052",5.129261,1,2,""
"G","Dryopteridaceae","Megalastrum","N2937",52.342727,"N2938",37.498507,1,17,""
"G","Polypodiaceae","Melpomene","N1142",49.094664,"N1186",45.460953,1,27,""
"G","Thelypteridaceae","Menisciopsis","N3165",26.8833100000001,"N3166",22.349567,1,6,""
"G","Thelypteridaceae","Meniscium","N3101",51.217676,"N3102",48.427123,1,11,""
"G","Thelypteridaceae","Metathelypteris","N3024",66.240514,"N3079",23.702029,1,8,""
"G","Metaxyaceae","Metaxya","N4857",163.153039,"N4866",6.724111,1,6,""
"G","Dryopteridaceae","Mickelia","N2668",82.7919,"N2875",73.603791,1,7,""
"G","Polypodiaceae","Microgramma","N1268",81.597349,"N1320",48.034734,1,25,""
"G","Dennstaedtiaceae","Microlepia","N4233",73.662611,"N4234",45.604083,1,30,""
"G","Polypodiaceae","Micropolypodium","N1075",51.300923,"N1076",24.446549,1,2,""
"G","Polypodiaceae","Microsorum","N1553",73.278082,"N1576",69.134076,1,21,""
"G","Pteridaceae","Mildella","N457",4.24718999999999,"N458",0.126633,1,2,""
"G","Dennstaedtiaceae","Monachosorum","N4167",175.24257,"N4268",73.283873,1,5,""
"G","Polypodiaceae","Moranopteris","N961",66.4518660000001,"N1101",54.231057,1,24,""
"G","Polypodiaceae","Mycopteris","N1138",56.784778,"N1212",41.835168,1,13,""
"G","Pteridaceae","Myriopteris","N513",71.675172,"N572",52.322573,1,39,""
"G","Nephrolepidaceae","Nephrolepis","N873",162.176656,"N1981",65.077554,1,19,""
"G","Lindsaeaceae","Nesolindsaea","N4426",67.172824,"N4427",49.261657,1,2,""
"G","Polypodiaceae","Niphidium","N1269",76.755582,"N1317",13.360382,1,4,""
"G","Pteridaceae","Notholaena","N290",90.129192,"N291",86.673331,1,34,""
"G","Polypodiaceae","Notogrammitis","N1052",51.4676490000001,"N1056",31.614927,1,10,""
"G","Blechnaceae","Oceaniopteris","N3645",55.2175600000001,"N3646",22.589639,1,7,""
"G","Lindsaeaceae","Odontosoria","N4276",100.497165,"N4405",89.203286,1,20,""
"G","Pteridaceae","Oeosporangium","N417",59.514344,"N418",51.865396,1,18,""
"G","Oleandraceae","Oleandra","N875",134.845393,"N1845",45.824651,1,10,""
"G","Dryopteridaceae","Olfersia","N2585",36.740398,"N2623",33.709916,1,4,""
"G","Pteridaceae","Onychium","N23",69.470904,"N27",56.181388,1,7,""
"G","Ophioglossaceae","Ophioderma","N5536",98.0895570000001,"N5537",9.034703,1,3,""
"G","Ophioglossaceae","Ophioglossum","N5514",129.235483,"N5515",105.523542,1,22,""
"G","Polypodiaceae","Oreogrammitis","N965",59.440784,"N966",51.302505,1,61,""
"G","Thelypteridaceae","Oreopteris","N3098",77.8651080000001,"N3254",0.214216,1,2,""
"G","Pteridaceae","Ormopteris","N352",38.292927,"N359",22.095046,1,5,""
"G","Saccolomataceae","Orthiopteris","N4445",22.243156,"N4449",9.321648,1,2,""
"G","Lindsaeaceae","Osmolindsaea","N4425",78.239939,"N4438",25.486372,1,5,""
"G","Osmundaceae","Osmunda","N5361",93.900001,"N5362",17.308881,1,5,""
"G","Dennstaedtiaceae","Paesia","N4172",71.207822,"N4179",19.950336,1,5,""
"G","Blechnaceae","Parablechnum","N3597",58.6488700000001,"N3645",55.217563,1,36,""
"G","Pteridaceae","Paragymnopteris","N514",55.921308,"N533",44.398071,1,5,""
"G","Dryopteridaceae","Parapolystichum","N2920",79.019216,"N2960",37.356982,1,25,""
"G","Polypodiaceae","Pecluma","N1346",75.745592,"N1347",51.50767,1,35,""
"G","Thelypteridaceae","Pelazoneuron","N3102",48.4271200000001,"N3103",42.899076,1,5,""
"G","Pteridaceae","Pellaea","N288",128.349896,"N289",109.617034,1,36,""
"G","Pteridaceae","Pentagramma","N292",64.60993,"N479",6.853302,1,6,""
"G","Onocleaceae","Pentarhizidium","N3761",100.935204,"N3764",21.577118,1,2,""
"G","Dryopteridaceae","Phanerophlebia","N2309",48.5602470000001,"N2330",31.996471,1,5,""
"G","Matoniaceae","Phanerosorus","N5051",139.473552,"N5053",9.277116,1,2,""
"G","Thelypteridaceae","Phegopteris","N3257",43.669858,"N3258",27.343454,1,4,""
"G","Polypodiaceae","Phlebodium","N1346",75.745592,"N1381",25.890765,1,3,""
"G","Woodsiaceae","Physematium","N3765",84.945436,"N3766",31.121338,1,10,""
"G","Polypodiaceae","Pichisermollodes","N1460",69.911594,"N1488",38.990858,1,9,""
"G","Marsileaceae","Pilularia","N4885",115.531873,"N4886",15.01093,1,4,""
"G","Pteridaceae","Pityrogramma","N39",69.224154,"N40",15.382721,1,6,""
"G","Plagiogyriaceae","Plagiogyria","N4872",65.931492,"N4874",35.150621,1,10,""
"G","Polypodiaceae","Platycerium","N1723",70.783482,"N1724",52.285047,1,17,""
"G","Osmundaceae","Plenasium","N5361",93.900001,"N5366",14.411419,1,4,""
"G","Dryopteridaceae","Pleocnemia","N2650",119.636348,"N2912",44.329982,1,9,""
"G","Polypodiaceae","Pleopeltis","N1345",82.559792,"N1383",41.142671,1,53,""
"G","Thelypteridaceae","Plesioneuron","N3107",31.9664280000001,"N3162",31.713691,1,5,""
"G","Thelypteridaceae","Pneumatopteris","N3146",16.0888220000001,"N3147",12.450233,1,2,""
"G","Dryopteridaceae","Polybotrya","N2587",32.4628070000001,"N2596",29.679994,1,28,""
"G","Tectariaceae","Polydictyum","N1868",66.373863,"N1876",18.664801,1,3,""
"G","Hymenophyllaceae","Polyphlebium","N5095",171.708304,"N5141",70.494875,1,10,""
"G","Polypodiaceae","Polypodium","N880",105.28483,"N1344",83.764911,1,24,""
"G","Dryopteridaceae","Polystichopsis","N2626",44.865186,"N2627",17.05184,1,3,""
"G","Dryopteridaceae","Polystichum","N2308",52.469365,"N2334",49.190385,1,200,""
"G","Pteridaceae","Polytaenium","N775",82.680399,"N782",55.282475,1,6,""
"G","Thelypteridaceae","Pronephrium","N3106",35.439353,"N3107",31.96643,1,4,""
"G","Polypodiaceae","Prosaptia","N1027",40.0382309999999,"N1028",39.938714,1,16,""
"G","Thelypteridaceae","Pseudocyclosorus","N3139",19.3720430000001,"N3140",15.944384,1,4,""
"G","Thelypteridaceae","Pseudophegopteris","N3257",43.669858,"N3261",23.336304,1,13,""
"G","Psilotaceae","Psilotum","N5539",92.601162,"N5546",17.289923,1,2,""
"G","Dennstaedtiaceae","Pteridium","N4169",84.552041,"N4217",19.863544,1,4,""
"G","Tectariaceae","Pteridrys","N1868",66.373863,"N1869",35.278039,1,8,""
"G","Pteridaceae","Pteris","N21",151.993865,"N88",120.237649,1,198,""
"G","Pteridaceae","Pterozonium","N78",57.4738589999999,"N79",39.403521,1,3,""
"G","Marattiaceae","Ptisana","N5406",54.399116,"N5410",26.397131,1,19,""
"G","Polypodiaceae","Pyrrosia","N1722",84.477053,"N1741",68.990861,1,51,""
"G","Pteridaceae","Radiovittaria","N840",62.337457,"N841",26.874402,1,7,""
"G","Thelypteridaceae","Reholttumia","N3110",25.6301700000001,"N3111",23.696995,1,4,""
"G","Rhachidosoraceae","Rhachidosorus","N3786",181.774094,"N4132",34.608438,1,4,""
"G","Dryopteridaceae","Rumohra","N2937",52.342727,"N2954",17.657662,1,7,""
"G","Saccolomataceae","Saccoloma","N4272",280.873337,"N4444",25.336702,1,5,""
"G","Blechnaceae","Sadleria","N3727",68.9585060000001,"N3728",32.134854,1,6,""
"G","Blechnaceae","Salpichlaena","N3753",84.368468,"N3754",27.103263,1,4,""
"G","Salviniaceae","Salvinia","N4925",144.549112,"N4931",53.882122,1,5,""
"G","Ophioglossaceae","Sceptridium","N5465",43.770506,"N5497",30.114041,1,17,""
"G","Schizaeaceae","Schizaea","N5015",114.906001,"N5020",101.509746,1,8,""
"G","Polypodiaceae","Scleroglossum","N1066",55.533086,"N1087",22.310063,1,3,""
"G","Polypodiaceae","Selliguea","N1460",69.911594,"N1488",38.990858,1,51,""
"G","Polypodiaceae","Serpocaulon","N883",97.400085,"N1237",38.819326,1,32,""
"G","Cyatheaceae","Sphaeropteris","N4455",101.449313,"N4771",52.487416,1,55,""
"G","Thelypteridaceae","Sphaerostephanos","N3110",25.6301700000001,"N3111",23.696994,1,8,""
"G","Blechnaceae","Spicantopsis","N3735",63.917072,"N3738",36.176082,1,3,""
"G","Thelypteridaceae","Stegnogramma","N3217",28.344008,"N3218",22.129691,1,6,""
"G","Thelypteridaceae","Steiropteris","N3098",77.8651080000001,"N3099",60.771592,1,11,""
"G","Blechnaceae","Stenochlaena","N3757",74.278514,"N3758",14.790301,1,3,""
"G","Polypodiaceae","Stenogrammitis","N1143",47.374145,"N1174",18.640188,1,13,""
"G","Gleicheniaceae","Sticherus","N5073",115.699222,"N5074",104.339493,1,14,""
"G","Dryopteridaceae","Stigmatopteris","N2583",101.564204,"N2629",23.355314,1,21,""
"G","Thelypteridaceae","Strophocaulon","N3107",31.9664280000001,"N3108",30.674842,1,2,""
"G","Blechnaceae","Struthiopteris","N3736",38.407653,"N3737",10.539149,1,2,""
"G","Polypodiaceae","Synammia","N1459",79.662704,"N1548",2.751435,1,3,""
"G","Pteridaceae","Taenitis","N82",27.452379,"N83",3.952353,1,2,""
"G","Lindsaeaceae","Tapeinidium","N4426",67.172824,"N4428",34.1406,1,11,""
"G","Tectariaceae","Tectaria","N1878",94.380412,"N1893",51.546371,1,89,""
"G","Blechnaceae","Telmatoblechnum","N3757",74.278514,"N3760",16.102682,1,2,""
"G","Dryopteridaceae","Teratophyllum","N2665",59.9920690000001,"N2666",21.007126,1,3,""
"G","Polypodiaceae","Terpsichore","N885",77.183008,"N916",58.591266,1,7,""
"G","Thelypteridaceae","Thelypteris","N3021",93.6443200000001,"N3255",3.466622,1,2,""
"G","Psilotaceae","Tmesipteris","N5539",92.601162,"N5540",24.668902,1,7,""
"G","Osmundaceae","Todea","N5359",128.341545,"N5370",74.404494,1,2,""
"G","Polypodiaceae","Tomophyllum","N1067",54.231584,"N1068",40.016278,1,8,""
"G","Hymenophyllaceae","Trichomanes","N5181",180.631996,"N5182",116.708837,1,39,""
"G","Tectariaceae","Triplophyllum","N1879",85.585702,"N1882",38.942229,1,12,""
"G","Pteridaceae","Tryonia","N81",50.9093189999999,"N86",5.077164,1,3,""
"G","Pteridaceae","Vaginularia","N847",113.474908,"N848",43.103601,1,4,""
"G","Hymenophyllaceae","Vandenboschia","N5096",157.452478,"N5128",83.853097,1,14,""
"G","Pteridaceae","Vittaria","N776",78.371643,"N778",30.481836,1,5,""
"G","Woodsiaceae","Woodsia","N3765",84.945436,"N3775",35.420852,1,12,""
"G","Blechnaceae","Woodwardia","N3741",72.099998,"N3742",38.828879,1,12,""
"G","Polypodiaceae","Xiphopterella","N1077",47.707768,"N1086",3.172104,1,2,""
"G","Polypodiaceae","Zealandia","N1561",48.446451,"N1562",35.390518,1,4,""
